{"Obscurity Penalty": [8.106918787942274e-10, -1.464161389200003e-05, 3.7198972913390933], "Recency Boost": {"33": [-7.74287718661176e-11, -2.664385551366063e-06, 3.843297384841534], "177": [-7.042401129058786e-10, 2.0885146026218377e-05, 3.539917494731925], "921": [-6.620630374720518e-10, 2.5418391669776164e-05, 3.506493274770263]}}